{
  "timestamp": "20251228_054103",
  "K": 16,
  "mu": [
    0.86,
    0.8,
    0.75,
    0.7,
    0.65,
    0.6,
    0.55,
    0.5,
    0.45,
    0.4,
    0.35,
    0.3,
    0.25,
    0.2,
    0.15,
    0.1
  ],
  "nu_shape": [
    16,
    16
  ],
  "total_budget": 200000,
  "alpha": 0.5,
  "seeds": 100,
  "workers": 15,
  "base_seeds": {
    "env": 12345,
    "algo": 67890,
    "perm": 24680
  },
  "num_configs": 50,
  "config_ids": [
    "FSH_duel1_g0.550000_k0.500000",
    "FSH_duel1_g0.600000_k0.500000",
    "FSH_duel1_g0.600000_k0.600000",
    "FSH_duel1_g0.650000_k0.500000",
    "FSH_duel1_g0.650000_k0.600000",
    "FSH_duel1_g0.707107_k0.500000",
    "FSH_duel1_g0.707107_k0.600000",
    "FSH_duel1_g0.707107_k0.707107",
    "FSH_duel1_g0.750000_k0.500000",
    "FSH_duel1_g0.750000_k0.600000",
    "FSH_duel1_g0.750000_k0.707107",
    "FSH_duel1_g0.750000_k0.750000",
    "FSH_duel1_g0.800000_k0.500000",
    "FSH_duel1_g0.800000_k0.600000",
    "FSH_duel1_g0.800000_k0.707107",
    "FSH_duel1_g0.800000_k0.750000",
    "FSH_duel1_g0.850000_k0.500000",
    "FSH_duel1_g0.850000_k0.600000",
    "FSH_duel1_g0.850000_k0.707107",
    "FSH_duel1_g0.850000_k0.750000",
    "FSH_duel1_g0.900000_k0.500000",
    "FSH_duel1_g0.900000_k0.600000",
    "FSH_duel1_g0.900000_k0.707107",
    "FSH_duel1_g0.900000_k0.750000",
    "FSH_duel0_g0.550000_k0.500000",
    "FSH_duel0_g0.600000_k0.500000",
    "FSH_duel0_g0.600000_k0.600000",
    "FSH_duel0_g0.650000_k0.500000",
    "FSH_duel0_g0.650000_k0.600000",
    "FSH_duel0_g0.707107_k0.500000",
    "FSH_duel0_g0.707107_k0.600000",
    "FSH_duel0_g0.707107_k0.707107",
    "FSH_duel0_g0.750000_k0.500000",
    "FSH_duel0_g0.750000_k0.600000",
    "FSH_duel0_g0.750000_k0.707107",
    "FSH_duel0_g0.750000_k0.750000",
    "FSH_duel0_g0.800000_k0.500000",
    "FSH_duel0_g0.800000_k0.600000",
    "FSH_duel0_g0.800000_k0.707107",
    "FSH_duel0_g0.800000_k0.750000",
    "FSH_duel0_g0.850000_k0.500000",
    "FSH_duel0_g0.850000_k0.600000",
    "FSH_duel0_g0.850000_k0.707107",
    "FSH_duel0_g0.850000_k0.750000",
    "FSH_duel0_g0.900000_k0.500000",
    "FSH_duel0_g0.900000_k0.600000",
    "FSH_duel0_g0.900000_k0.707107",
    "FSH_duel0_g0.900000_k0.750000",
    "UNIFORM_NO_ELIM_duel1",
    "UNIFORM_NO_ELIM_duel0"
  ],
  "gammas": [
    0.55,
    0.6,
    0.65,
    0.7071067811865475,
    0.75,
    0.8,
    0.85,
    0.9
  ],
  "keeps": [
    0.5,
    0.6,
    0.7071067811865475,
    0.75
  ]
}