{
  "timestamp": "20260105_052920",
  "Ks": [
    32,
    64
  ],
  "scenarios": [
    "fusing_bump",
    "uniform_gap",
    "uniform_tiny_gap",
    "unique_best",
    "gaps_increasing",
    "gaps_decreasing",
    "random"
  ],
  "base_budget_16": 3000,
  "seeds": 1000,
  "workers": 15,
  "base_seeds": {
    "env": 12345,
    "algo": 67890,
    "perm": 24680,
    "mu": 13579
  },
  "alpha_grid": [
    0.0,
    0.25,
    0.5,
    0.75,
    1.0
  ],
  "gamma_grid": [
    0.3,
    0.41666666666666663,
    0.5333333333333333,
    0.6499999999999999,
    0.7666666666666666,
    0.8833333333333333,
    1.0
  ],
  "keep_grid": [
    0.3,
    0.41666666666666663,
    0.5333333333333333,
    0.6499999999999999,
    0.7666666666666666,
    0.8833333333333333,
    1.0
  ],
  "use_class_impl": true,
  "plotly_enabled": true,
  "matplotlib_enabled": true,
  "plotly_available": false,
  "note": "No paper dueling used (dueling_means=None)."
}