{
  "meta": {
    "test_id": "FSH_DuelThenReward_noCR",
    "generated_at_local": "2025-12-28T04:28:36",
    "python": "3.12.9 | packaged by Anaconda, Inc. | (main, Feb  6 2025, 18:49:16) [MSC v.1929 64 bit (AMD64)]",
    "platform": "Windows-11-10.0.26100-SP0"
  },
  "config": {
    "K": 31,
    "total_budget": 4096,
    "alpha": 0.2,
    "gamma": 0.7071067811865475,
    "env_seed": 12345,
    "algo_seed": 67890,
    "distribution": "bernoulli"
  },
  "environment": {
    "bandit_means": [
      0.68,
      0.8,
      0.66,
      0.6,
      0.72,
      0.46,
      0.4,
      0.3,
      0.2,
      0.1,
      0.08,
      0.06,
      0.04,
      0.02,
      0.01,
      0.0,
      0.89,
      0.78,
      0.58,
      0.48,
      0.38,
      0.28,
      0.18,
      0.14,
      0.37,
      0.26,
      0.19,
      0.54,
      0.9,
      0.25,
      0.64
    ],
    "optimal_arm_by_means": 28,
    "dueling_means_shape": [
      31,
      31
    ]
  },
  "run_summary": {
    "spent_budget": 3280,
    "num_duels": 2624,
    "num_rewards": 656,
    "num_rounds_executed": 4,
    "final_candidates": [
      28
    ]
  },
  "estimates": {
    "N": [
      14,
      56,
      27,
      23,
      44,
      6,
      0,
      4,
      0,
      0,
      7,
      12,
      0,
      0,
      0,
      0,
      112,
      117,
      27,
      5,
      5,
      6,
      11,
      0,
      9,
      8,
      0,
      25,
      110,
      7,
      21
    ],
    "mu_hat": [
      0.5714285714285714,
      0.7678571428571429,
      0.6666666666666666,
      0.6086956521739131,
      0.75,
      0.16666666666666666,
      0.0,
      0.25,
      0.0,
      0.0,
      0.0,
      0.16666666666666666,
      0.0,
      0.0,
      0.0,
      0.0,
      0.8482142857142857,
      0.811965811965812,
      0.5925925925925926,
      0.0,
      0.4,
      0.5,
      0.09090909090909091,
      0.0,
      0.4444444444444444,
      0.375,
      0.0,
      0.44,
      0.9090909090909091,
      0.2857142857142857,
      0.6666666666666666
    ],
    "M_sum": 5248,
    "W_sum": 2624
  },
  "round_trace": [
    {
      "round": 1,
      "T_r": 820,
      "n_r": 31,
      "candidate_pre": [
        0,
        1,
        2,
        3,
        4,
        5,
        6,
        7,
        8,
        9,
        10,
        11,
        12,
        13,
        14,
        15,
        16,
        17,
        18,
        19,
        20,
        21,
        22,
        23,
        24,
        25,
        26,
        27,
        28,
        29,
        30
      ],
      "nD": 656,
      "nR": 164,
      "borda": {
        "0": 0.6527777777777779,
        "1": 0.6777777777777778,
        "2": 0.5777777777777777,
        "3": 0.6333333333333333,
        "4": 0.6055555555555555,
        "5": 0.525,
        "6": 0.4277777777777778,
        "7": 0.586111111111111,
        "8": 0.4072222222222222,
        "9": 0.3277777777777777,
        "10": 0.43888888888888894,
        "11": 0.45,
        "12": 0.33722222222222226,
        "13": 0.39444444444444443,
        "14": 0.26944444444444443,
        "15": 0.25000000000000006,
        "16": 0.6535714285714286,
        "17": 0.7016666666666667,
        "18": 0.5805555555555556,
        "19": 0.525,
        "20": 0.5277777777777778,
        "21": 0.5555555555555555,
        "22": 0.4638888888888889,
        "23": 0.38722222222222225,
        "24": 0.4714285714285714,
        "25": 0.55,
        "26": 0.3499999999999999,
        "27": 0.5027777777777778,
        "28": 0.7194444444444446,
        "29": 0.42777777777777787,
        "30": 0.5222222222222223
      },
      "C_tilde": [
        28,
        17,
        1,
        16,
        0,
        3,
        4,
        7,
        18,
        2,
        21,
        25,
        20,
        5,
        19,
        30,
        27,
        24,
        22,
        11,
        10,
        29
      ],
      "mu_hat_snapshot_on_C_tilde": {
        "28": 0.8888888888888888,
        "17": 0.6666666666666666,
        "1": 0.7142857142857143,
        "16": 0.8333333333333334,
        "0": 0.75,
        "3": 0.8,
        "4": 0.7,
        "7": 0.25,
        "18": 0.3333333333333333,
        "2": 0.6666666666666666,
        "21": 0.5,
        "25": 0.375,
        "20": 0.4,
        "5": 0.16666666666666666,
        "19": 0.0,
        "30": 0.8571428571428571,
        "27": 0.4444444444444444,
        "24": 0.4444444444444444,
        "22": 0.09090909090909091,
        "11": 0.16666666666666666,
        "10": 0.0,
        "29": 0.2857142857142857
      },
      "candidate_post": [
        28,
        30,
        16,
        3,
        0,
        1,
        4,
        17,
        2,
        21,
        27,
        24,
        20,
        25,
        18
      ],
      "spent_budget_after": 820
    },
    {
      "round": 2,
      "T_r": 820,
      "n_r": 15,
      "candidate_pre": [
        28,
        30,
        16,
        3,
        0,
        1,
        4,
        17,
        2,
        21,
        27,
        24,
        20,
        25,
        18
      ],
      "nD": 656,
      "nR": 164,
      "borda": {
        "28": 0.7395124716553287,
        "30": 0.5164914450628737,
        "16": 0.6294152276295134,
        "3": 0.46672335600907033,
        "0": 0.6110209235209235,
        "1": 0.6162698412698412,
        "4": 0.5364706721849578,
        "17": 0.6568027210884354,
        "2": 0.5346855525426955,
        "21": 0.35188620902906625,
        "27": 0.4851551226551226,
        "24": 0.3230396587539444,
        "20": 0.3181818181818182,
        "25": 0.31175144300144303,
        "18": 0.40259353741496595
      },
      "C_tilde": [
        28,
        17,
        16,
        1,
        0,
        4,
        2,
        30,
        27,
        3,
        18
      ],
      "mu_hat_snapshot_on_C_tilde": {
        "28": 0.88,
        "17": 0.85,
        "16": 0.8260869565217391,
        "1": 0.7142857142857143,
        "0": 0.5714285714285714,
        "4": 0.7272727272727273,
        "2": 0.6666666666666666,
        "30": 0.6666666666666666,
        "27": 0.44,
        "3": 0.6086956521739131,
        "18": 0.5925925925925926
      },
      "candidate_post": [
        28,
        17,
        16,
        4,
        1,
        2,
        30
      ],
      "spent_budget_after": 1640
    },
    {
      "round": 3,
      "T_r": 820,
      "n_r": 7,
      "candidate_pre": [
        28,
        17,
        16,
        4,
        1,
        2,
        30
      ],
      "nD": 656,
      "nR": 164,
      "borda": {
        "28": 0.5686954953259301,
        "17": 0.4710016835016835,
        "16": 0.5580471867263546,
        "4": 0.48658385570684476,
        "1": 0.5369924737571797,
        "2": 0.4244446188507694,
        "30": 0.4542346861312379
      },
      "C_tilde": [
        28,
        16,
        1,
        4,
        17
      ],
      "mu_hat_snapshot_on_C_tilde": {
        "28": 0.9259259259259259,
        "16": 0.819672131147541,
        "1": 0.7678571428571429,
        "4": 0.75,
        "17": 0.8333333333333334
      },
      "candidate_post": [
        28,
        17,
        16
      ],
      "spent_budget_after": 2460
    },
    {
      "round": 4,
      "T_r": 820,
      "n_r": 3,
      "candidate_pre": [
        28,
        17,
        16
      ],
      "nD": 656,
      "nR": 164,
      "borda": {
        "28": 0.5690679908326968,
        "17": 0.45108391608391607,
        "16": 0.4798480930833872
      },
      "C_tilde": [
        28,
        16,
        17
      ],
      "mu_hat_snapshot_on_C_tilde": {
        "28": 0.9090909090909091,
        "16": 0.8482142857142857,
        "17": 0.811965811965812
      },
      "candidate_post": [
        28
      ],
      "spent_budget_after": 3280
    }
  ],